<?xml version='1.0' encoding='UTF-8'?>
<!DOCTYPE hibernate-configuration PUBLIC
          "-//Hibernate/Hibernate Configuration DTD 3.0//EN"
          "http://hibernate.sourceforge.net/hibernate-configuration-3.0.dtd">

<hibernate-configuration>

	<session-factory>
		<property name="connection.username">root</property>
	<property name="connection.password">12345</property>
		<property name="connection.url">jdbc:mysql://localhost:3306/ams2
		</property>
		<property name="dialect">
			org.hibernate.dialect.MySQLDialect
		</property>
		
		<property name="connection.driver_class">
			com.mysql.cj.jdbc.Driver
		</property>

 <property name="hbm2ddl.auto">update</property>
 
<property name="show_sql">true</property>

		<mapping class="com.dxc.ams2.entity.ZonalManager" />
		<mapping class="com.dxc.ams2.entity.Manager"/>
			<mapping class="com.dxc.ams2.entity.Agent"/>
			<mapping class="com.dxc.ams2.entity.Customer"/>
			<mapping class="com.dxc.ams2.entity.Appointment"/>
	<mapping class="com.dxc.ams2.entity.Branch"/>
		<mapping class="com.dxc.ams2.entity.Policy"/>
		<mapping class="com.dxc.ams2.entity.Login"/>

	</session-factory>

</hibernate-configuration>